タイトル,監督,原作,脚本,総合評価,泣ける,笑える,楽しい,悲しい,ファンタジー,スペクタクル,ゴージャス,ロマンチック,不思議,パニック,不気味,恐怖,勇敢,知的,絶望的,切ない,セクシー,かわいい,かっこいい,コミカル
マチネの終わりに,西谷弘,平野啓一郎,井上由美子,3.9,16.17161716172,0.0,0.0,8.74587458746,0.0,0.0,0.0,20.13201320132,0.0,0.0,0.0,0.0,0.0,8.41584158416,0.0,24.58745874587,0.0,0.0,6.60066006601,0.0
ジョーカー,トッド・フィリップス,,トッド・フィリップス,4.06,6.98238241474,0.0,0.0,14.38500080815,0.0,0.0,0.0,0.0,0.0,0.0,13.86778729594,11.62114110231,0.0,0.0,15.17698399871,12.84952319379,0.0,0.0,0.0,0.0
IT／イット THE END “それ”が見えたら、終わり。,アンディ・ムスキエティ,スティーヴン・キング,ゲイリー・ドーベルマン,3.3,0.0,8.76747141042,0.0,0.0,5.46378653113,0.0,0.0,0.0,0.0,7.75095298602,13.0876747141,13.3418043202,8.25921219822,0.0,0.0,0.0,0.0,0.0,0.0,0.0
閉鎖病棟―それぞれの朝―,平山秀幸,帚木蓬生,平山秀幸,3.55,20.98360655738,0.0,0.0,18.3606557377,0.0,0.0,0.0,0.0,0.0,0.0,3.93442622951,5.24590163934,0.0,0.0,10.49180327869,23.60655737705,0.0,0.0,0.0,0.0
イエスタデイ,ダニー・ボイル,,リチャード・カーティス,4.12,9.48406676783,14.87101669196,18.58877086495,0.0,10.01517450683,0.0,0.0,11.00151745068,0.0,0.0,0.0,0.0,0.0,0.0,0.0,0.0,0.0,0.0,0.0,10.3186646434
IT／イット “それ”が見えたら、終わり。,アンディ・ムスキエティ,スティーヴン・キング,チェイス・パーマー,3.35,0.0,0.0,0.0,0.0,0.0,0.0,0.0,0.0,5.70044709389,7.07898658718,14.64232488823,15.61102831595,11.25186289121,0.0,5.47690014903,0.0,0.0,0.0,0.0,0.0
マレフィセント2,ヨアヒム・ローニング,,リンダ・ウールヴァートン,3.8,8.23373173971,0.0,7.30411686587,0.0,18.32669322709,0.0,6.90571049137,0.0,0.0,0.0,0.0,0.0,0.0,0.0,0.0,0.0,0.0,6.90571049137,7.30411686587,0.0
ジェミニマン,アン・リー,,デヴィッド・ベニオフ,3.44,0.0,0.0,9.23913043478,0.0,0.0,10.05434782609,0.0,0.0,5.70652173913,0.0,0.0,0.0,16.84782608696,0.0,0.0,7.0652173913,0.0,0.0,23.36956521739,0.0
世界から希望が消えたなら。,赤羽博,,大川咲也加,2.46,21.65991902834,0.0,0.0,0.0,0.0,0.0,0.0,0.0,11.94331983806,0.0,0.0,0.0,14.77732793522,11.94331983806,0.0,8.90688259109,0.0,0.0,10.93117408907,0.0
空の青さを知る人よ,長井龍雪,超平和バスターズ,岡田麿里,4.01,15.06849315068,7.07762557078,9.01826484018,0.0,13.12785388128,0.0,0.0,0.0,0.0,0.0,0.0,0.0,0.0,0.0,0.0,14.72602739726,0.0,8.44748858447,0.0,0.0
ターミネーター：ニュー・フェイト,ティム・ミラー,,デヴィッド・ゴイヤー,3.83,8.26173165896,0.0,0.0,0.0,0.0,8.98876404494,0.0,0.0,0.0,0.0,0.0,0.0,13.2848645076,0.0,7.40251156642,7.20423000661,0.0,0.0,15.00330469266,0.0
楽園,瀬々敬久,吉田修一,瀬々敬久,3.2,8.35322195704,0.0,0.0,18.37708830549,0.0,0.0,0.0,0.0,0.0,0.0,12.88782816229,10.02386634845,0.0,0.0,19.09307875895,19.57040572792,0.0,0.0,0.0,0.0
最初の晩餐,常盤司郎,,常盤司郎,3.99,18.51851851852,0.0,0.0,7.40740740741,0.0,0.0,0.0,0.0,0.0,0.0,0.0,0.0,0.0,7.40740740741,0.0,25.92592592593,0.0,7.40740740741,5.55555555556,0.0
最高の人生の見つけ方,犬童一心,,浅野妙子,3.62,19.4,14.6,13.8,0.0,0.0,0.0,0.0,0.0,0.0,0.0,0.0,0.0,0.0,0.0,0.0,11.8,0.0,5.8,0.0,7.8
記憶にございません！,三谷幸喜,,三谷幸喜,3.85,5.31057373163,26.97961119014,22.66477003319,0.0,0.0,0.0,0.0,0.0,0.0,0.0,0.0,0.0,0.0,0.0,0.0,0.0,0.0,3.1768610716,4.31484115695,19.39307728781
蜜蜂と遠雷,石川慶,恩田陸,石川慶,3.56,12.18424962853,0.0,9.65824665676,0.0,0.0,0.0,0.0,6.98365527489,0.0,0.0,0.0,0.0,0.0,14.8588410104,0.0,13.67013372957,0.0,0.0,11.58989598811,0.0
ブラック校則,菅原伸太郎,,此元和津也,4.1,17.33333333333,19.2380952381,14.09523809524,0.0,0.0,0.0,0.0,0.0,0.0,0.0,0.0,0.0,12.7619047619,0.0,0.0,0.0,0.0,0.0,10.47619047619,7.61904761905
冴えない彼女の育てかた Fine,柴田彰久,丸戸史明,丸戸史明,4.51,14.05529953917,16.12903225806,15.43778801843,0.0,0.0,0.0,0.0,7.83410138249,0.0,0.0,0.0,0.0,0.0,0.0,0.0,8.75576036866,0.0,17.51152073733,0.0,0.0
天気の子,新海誠,新海誠,新海誠,3.73,11.4508730989,0.0,7.83777259194,0.0,16.58485555645,0.0,0.0,7.82167860304,10.02655508168,0.0,0.0,0.0,0.0,0.0,0.0,8.41715619216,0.0,0.0,0.0,0.0
八日目の蝉,成島出,角田光代,奥寺佐渡子,3.9,28.16237767307,0.0,0.0,21.34831460674,0.0,0.0,0.0,0.0,0.0,0.0,0.0,0.0,0.0,1.92098586444,5.83544762595,28.85103298296,0.0,4.82058716926,0.0,0.0
億男,大友啓史,川村元気,渡部辰城,3.35,9.89505247376,7.49625187406,0.0,0.0,0.0,0.0,5.84707646177,0.0,7.34632683658,0.0,0.0,0.0,0.0,11.69415292354,0.0,17.09145427286,0.0,0.0,0.0,0.0
三度目の殺人,是枝裕和,,是枝裕和,3.51,0.0,0.0,0.0,14.28571428571,0.0,0.0,0.0,0.0,10.46798029557,0.0,14.77832512315,0.0,0.0,14.77832512315,9.48275862069,20.07389162562,0.0,0.0,0.0,0.0
コピーキャット,ジョン・アミエル,,アン・ビダーマン,3.15,0.0,0.0,0.0,4.83870967742,0.0,0.0,0.0,0.0,0.0,9.67741935484,24.1935483871,29.03225806452,9.67741935484,0.0,6.45161290323,0.0,0.0,0.0,0.0,0.0
ベイビー・ドライバー,エドガー・ライト,,エドガー・ライト,4.01,0.0,5.58412931668,13.73989713446,0.0,0.0,0.0,0.0,8.74357090375,0.0,0.0,0.0,0.0,9.25789860397,0.0,0.0,5.65760470242,0.0,0.0,18.07494489346,0.0
真実,是枝裕和,,是枝裕和,3.43,0.0,7.33944954128,8.71559633028,0.0,0.0,0.0,0.0,0.0,0.0,0.0,0.0,0.0,0.0,13.76146788991,0.0,16.97247706422,0.0,9.17431192661,0.0,10.5504587156
蝉しぐれ,黒土三男,藤沢周平,黒土三男,3.43,21.9512195122,0.0,0.0,10.29810298103,0.0,0.0,0.0,10.027100271,0.0,0.0,0.0,0.0,10.56910569106,0.0,0.0,31.9783197832,0.0,0.0,7.85907859079,0.0
アトランティスのこころ,スコット・ヒックス,スティーヴン・キング,ウィリアム・ゴールドマン,3.7,13.17365269461,0.0,0.0,6.58682634731,13.77245508982,0.0,0.0,0.0,15.56886227545,0.0,0.0,0.0,0.0,0.0,0.0,19.76047904192,0.0,5.9880239521,0.0,0.0
あゝ、荒野　前篇,岸善幸,寺山修司,港岳彦,3.69,11.30434782609,7.53623188406,0.0,0.0,0.0,0.0,0.0,0.0,0.0,0.0,0.0,0.0,8.69565217391,0.0,0.0,18.26086956522,7.82608695652,0.0,13.91304347826,0.0
T-34 レジェンド・オブ・ウォー,アレクセイ・シドロフ,,アレクセイ・シドロフ,4.4,0.0,0.0,6.60377358491,0.0,0.0,17.92452830189,0.0,0.0,0.0,5.66037735849,0.0,0.0,22.16981132075,6.60377358491,0.0,0.0,0.0,0.0,19.33962264151,0.0
ときめきに死す,森田芳光,丸山健二,森田芳光,3.25,0.0,0.0,0.0,8.10810810811,0.0,0.0,0.0,0.0,16.21621621622,0.0,24.32432432432,8.10810810811,0.0,0.0,10.81081081081,0.0,5.40540540541,0.0,0.0,0.0
ナイト ミュージアム／エジプト王の秘密,ショーン・レヴィ,,デヴィッド・ギヨン,3.53,5.49019607843,17.38562091503,18.30065359477,0.0,13.85620915033,0.0,0.0,0.0,0.0,0.0,0.0,0.0,4.3137254902,0.0,0.0,0.0,0.0,0.0,0.0,13.20261437908
マイ・ビューティフル・デイズ,ジュリア・ハート,,ジュリア・ハート,3.64,0.0,0.0,0.0,0.0,0.0,0.0,0.0,0.0,0.0,0.0,0.0,0.0,0.0,0.0,0.0,42.85714285714,0.0,28.57142857143,0.0,14.28571428571
不能犯,白石晃士,宮月新,山岡潤平,3.02,0.0,0.0,0.0,0.0,0.0,0.0,0.0,0.0,10.36745406824,5.90551181102,22.83464566929,15.35433070866,0.0,0.0,9.05511811024,0.0,0.0,0.0,6.95538057743,0.0
ジョン・ウィック：パラベラム,チャド・スタエルスキ,,デレク・コルスタッド,3.76,0.0,7.96221322537,7.42240215924,0.0,0.0,7.55735492578,6.20782726046,0.0,0.0,0.0,0.0,0.0,12.55060728745,0.0,0.0,0.0,0.0,0.0,20.10796221323,0.0
スター☆トゥインクルプリキュア　星のうたに想いをこめて,,東堂いづみ,,4.57,13.9689578714,0.0,11.9733924612,0.0,10.86474501109,0.0,0.0,6.65188470067,0.0,0.0,0.0,0.0,0.0,0.0,0.0,7.31707317073,0.0,13.52549889135,0.0,0.0
スペシャルアクターズ,上田慎一郎,,上田慎一郎,3.55,7.59075907591,19.14191419142,18.48184818482,0.0,0.0,0.0,0.0,0.0,3.9603960396,0.0,0.0,0.0,4.9504950495,0.0,0.0,0.0,0.0,0.0,0.0,15.18151815182
トイ・ストーリー4,ジョシュ・クーリー,,ステファニー・フォルソム,3.3,11.81713628522,11.01207590569,11.15583668775,8.89879240943,0.0,0.0,0.0,0.0,0.0,0.0,0.0,0.0,0.0,0.0,0.0,10.75330649799,0.0,7.13053479011,0.0,0.0
スマホを落としただけなのに,中田秀夫,志駕晃,大石哲也,3.16,0.0,5.03715937242,0.0,0.0,0.0,0.0,0.0,0.0,0.0,9.33113129645,22.04789430223,20.56151940545,0.0,0.0,7.76218001652,5.36746490504,0.0,0.0,0.0,0.0
108〜海馬五郎の復讐と冒険〜,松尾スズキ,,松尾スズキ,2.65,0.0,23.61111111111,9.72222222222,4.16666666667,0.0,0.0,0.0,0.0,0.0,0.0,0.0,0.0,0.0,0.0,0.0,11.11111111111,19.44444444444,0.0,0.0,19.44444444444
ひとよ,白石和彌,桑原裕子,高橋泉,3.96,18.23899371069,7.54716981132,0.0,13.83647798742,0.0,0.0,0.0,0.0,0.0,0.0,0.0,0.0,4.40251572327,4.40251572327,0.0,22.64150943396,0.0,0.0,0.0,0.0
劇場版 おっさんずラブ 〜LOVE or DEAD〜,瑠東東一郎,,徳尾浩司,2.8,12.3595505618,17.36968134095,13.64892245349,0.0,0.0,0.0,0.0,0.0,0.0,0.0,0.0,0.0,0.0,0.0,0.0,8.74930926506,0.0,9.41241480936,0.0,11.3833118438
ドリームキャッチャー,ローレンス・カスダン,スティーヴン・キング,ウィリアム・ゴールドマン,2.85,0.0,7.9107505071,0.0,0.0,6.49087221095,0.0,0.0,0.0,11.76470588235,10.75050709939,18.05273833671,12.37322515213,0.0,0.0,0.0,0.0,0.0,0.0,0.0,0.0
エージェント：ライアン,ケネス・ブラナー,,アダム・コザッド,3.14,0.0,0.0,6.06694560669,0.0,0.0,8.36820083682,0.0,0.0,0.0,6.69456066946,0.0,0.0,22.59414225941,13.80753138075,0.0,0.0,0.0,0.0,19.87447698745,0.0
彼女がその名を知らない鳥たち,白石和彌,沼田まほかる,浅野妙子,4.01,14.69613259669,0.0,0.0,15.58011049724,0.0,0.0,0.0,0.0,0.0,0.0,8.61878453039,0.0,0.0,0.0,10.38674033149,19.66850828729,7.40331491713,0.0,0.0,0.0
フッド：ザ・ビギニング,オットー・バサースト,,ベン・チャンドラー,3.59,0.0,0.0,9.14634146341,0.0,6.70731707317,13.41463414634,3.0487804878,0.0,0.0,0.0,0.0,0.0,20.12195121951,0.0,0.0,0.0,0.0,0.0,19.51219512195,0.0
ホテル・ムンバイ,アンソニー・マラス,,ジョン・コリー,4.44,8.83919062833,0.0,0.0,11.07561235357,0.0,0.0,0.0,0.0,0.0,14.05750798722,0.0,18.42385516507,13.52502662407,0.0,15.01597444089,0.0,0.0,0.0,0.0,0.0
ボーダー,ジョン・アヴネット,,ラッセル・ジェウィルス,3.15,0.0,0.0,0.0,8.58208955224,0.0,0.0,7.08955223881,0.0,0.0,0.0,0.0,0.0,12.68656716418,0.0,6.71641791045,15.29850746269,0.0,0.0,20.5223880597,0.0
クロール ―凶暴領域―,アレクサンドル・アジャ,,マイケル・ラスムッセン,3.56,0.0,0.0,0.0,0.0,0.0,5.48780487805,0.0,0.0,0.0,18.90243902439,8.23170731707,19.51219512195,14.93902439024,0.0,13.71951219512,0.0,0.0,0.0,0.0,0.0
カメラを止めるな！,上田慎一郎,,上田慎一郎,4.06,0.0,23.02370086854,17.63580156043,0.0,0.0,0.0,0.0,0.0,0.0,8.03768585308,6.4478139261,6.31532459885,0.0,0.0,0.0,0.0,0.0,0.0,0.0,14.50022081555
ボーダー,トニー・リチャードソン,,デリック・ウォッシュバーン,3.27,0.0,0.0,0.0,0.0,0.0,0.0,0.0,0.0,0.0,0.0,0.0,0.0,0.0,0.0,0.0,0.0,0.0,0.0,0.0,0.0
ザ・ウォーカー,アレン・ヒューズ,,ゲイリー・ウィッタ,3.17,0.0,0.0,0.0,0.0,0.0,0.0,0.0,0.0,0.0,0.0,7.77777777778,0.0,16.66666666667,8.54700854701,12.22222222222,6.75213675214,0.0,0.0,14.70085470085,0.0
若草物語,ジリアン・アームストロング,ルイザ・メイ・オルコット,ロビン・スウィコード,3.58,10.84337349398,0.0,14.4578313253,8.43373493976,0.0,0.0,0.0,12.04819277108,0.0,0.0,0.0,0.0,0.0,0.0,0.0,10.84337349398,0.0,15.66265060241,0.0,0.0
ターミネーター2,ジェームズ・キャメロン,,ジェームズ・キャメロン,4.55,10.34482758621,0.0,0.0,0.0,0.0,5.99905526689,0.0,0.0,0.0,0.0,0.0,8.17194142655,12.09258384506,0.0,0.0,7.36891828059,0.0,0.0,15.25743977326,0.0
誘拐,大河原孝夫,,森下直,3.64,9.09090909091,0.0,0.0,15.58441558442,0.0,0.0,0.0,0.0,0.0,0.0,0.0,0.0,10.38961038961,11.68831168831,0.0,15.58441558442,0.0,0.0,10.38961038961,0.0
パーフェクト ワールド,クリント・イーストウッド,,ジョン・リー・ハンコック,4.15,21.5628090999,0.0,0.0,14.73788328388,0.0,0.0,0.0,0.0,0.0,0.0,0.0,0.0,4.84668644906,0.0,0.0,21.26607319486,0.0,6.42927794263,9.59446092977,0.0
HiGH&LOW THE WORST,久保茂昭,,高橋ヒロシ,3.83,10.74561403509,12.5,16.88596491228,0.0,0.0,0.0,4.82456140351,0.0,0.0,0.0,0.0,0.0,12.28070175439,0.0,0.0,0.0,0.0,0.0,20.61403508772,0.0
名探偵ピカチュウ,ロブ・レターマン,,ダン・ヘルナンデス,3.88,0.0,12.36943375481,16.71247938428,0.0,12.20450797141,0.0,0.0,0.0,0.0,0.0,0.0,0.0,6.15722924684,0.0,0.0,0.0,0.0,18.69158878505,0.0,9.12589334799
バードマン　あるいは（無知がもたらす予期せぬ奇跡）,アレハンドロ・G・イニャリトゥ,,アレハンドロ・G・イニャリトゥ,3.36,0.0,10.98081023454,0.0,0.0,7.99573560768,0.0,0.0,0.0,12.89978678038,0.0,0.0,0.0,0.0,7.56929637527,0.0,11.30063965885,0.0,0.0,0.0,9.43496801706
CLIMAX クライマックス,ギャスパー・ノエ,,ギャスパー・ノエ,3.18,0.0,0.0,0.0,0.0,0.0,0.0,0.0,0.0,0.0,13.51351351351,10.81081081081,18.91891891892,0.0,0.0,18.91891891892,0.0,13.51351351351,0.0,10.81081081081,0.0
不実な女と官能詩人,ルー・ジュネ,,ルー・ジュネ,2.73,0.0,0.0,0.0,0.0,0.0,0.0,0.0,0.0,0.0,0.0,0.0,14.28571428571,0.0,0.0,0.0,0.0,42.85714285714,14.28571428571,0.0,14.28571428571
ボーダー 二つの世界,アリ・アッバシ,ヨン・アイヴィデ・リンドクヴィスト,アリ・アッバシ,3.61,0.0,0.0,0.0,9.16666666667,13.33333333333,0.0,0.0,0.0,10.0,0.0,18.33333333333,11.66666666667,0.0,0.0,0.0,15.0,0.0,0.0,0.0,0.0
50回目のファーストキス,福田雄一,,福田雄一,3.76,12.30388109001,18.57968620974,14.36829066887,0.0,0.0,0.0,0.0,11.56069364162,0.0,0.0,0.0,0.0,0.0,0.0,0.0,9.66143682907,0.0,0.0,0.0,10.73492981007
ダークナイト,クリストファー・ノーラン,,ジョナサン・ノーラン,4.39,0.0,0.0,0.0,0.0,0.0,0.0,0.0,0.0,0.0,0.0,11.94410265425,11.51344700299,9.39532431007,0.0,8.9822464405,7.86605730357,0.0,0.0,12.11109158024,0.0
マレフィセント,ロバート・ストロンバーグ,,リンダ・ウールヴァートン,3.5,7.33944954128,0.0,6.0338743825,0.0,21.63020465773,0.0,0.0,0.0,5.71630204658,0.0,0.0,0.0,0.0,0.0,0.0,9.35074100212,0.0,7.5511644319,0.0,0.0
二ツ星の料理人,ジョン・ウェルズ,,スティーヴン・ナイト,3.46,0.0,0.0,14.07766990291,0.0,0.0,0.0,8.73786407767,5.33980582524,0.0,0.0,0.0,0.0,0.0,6.31067961165,0.0,9.22330097087,0.0,0.0,17.47572815534,0.0
HELLO WORLD,伊藤智彦,,野崎まど,3.52,8.11380400421,0.0,0.0,0.0,13.80400421496,7.90305584826,0.0,8.53530031612,8.95679662803,0.0,0.0,0.0,0.0,0.0,0.0,0.0,0.0,8.53530031612,0.0,0.0
タクシードライバー,マーティン・スコセッシ,,ポール・シュレイダー,3.99,0.0,0.0,0.0,7.22513089005,0.0,0.0,0.0,0.0,0.0,0.0,14.97382198953,10.05235602094,0.0,0.0,13.29842931937,14.03141361257,0.0,0.0,11.62303664921,0.0
最高の人生の見つけ方,ロブ・ライナー,,ジャスティン・ザッカム,4.03,16.91529709229,14.71554993679,13.4007585335,0.0,0.0,0.0,0.0,0.0,0.0,0.0,0.0,0.0,0.0,0.0,0.0,11.98482932996,0.0,0.0,5.96713021492,7.71175726928
NO SMOKING,佐渡岳利,,,4.15,0.0,14.28571428571,28.57142857143,0.0,0.0,0.0,0.0,0.0,0.0,0.0,0.0,0.0,0.0,14.28571428571,0.0,0.0,0.0,0.0,28.57142857143,0.0
人生をしまう時間（とき）,下村幸子,,,4.42,0.0,0.0,0.0,0.0,0.0,0.0,0.0,0.0,0.0,0.0,0.0,0.0,0.0,0.0,0.0,0.0,0.0,0.0,0.0,0.0
ぼくは明日、昨日のきみとデートする,三木孝浩,七月隆文,吉田智子,4.05,21.38386648122,0.0,0.0,10.04867872045,11.47426981919,0.0,0.0,12.20445062587,0.0,0.0,0.0,0.0,0.0,0.0,0.0,20.02781641168,0.0,9.38803894298,0.0,0.0
ペイ・ザ・ゴースト　ハロウィンの生贄,ウーリー・エデル,ティム・レボン,ダン・ケイ,3.06,0.0,0.0,0.0,7.14285714286,0.0,0.0,0.0,0.0,10.71428571429,0.0,19.04761904762,13.09523809524,9.52380952381,0.0,10.71428571429,0.0,0.0,0.0,0.0,0.0
死刑台のエレベーター,ルイ・マル,ノエル・カレフ,ロジェ・ニミエ,3.78,0.0,0.0,0.0,9.94475138122,0.0,0.0,0.0,11.04972375691,0.0,0.0,0.0,0.0,0.0,9.94475138122,12.1546961326,13.81215469613,0.0,0.0,12.1546961326,0.0
怒り,李相日,吉田修一,李相日,4.0,14.55085374907,0.0,0.0,17.66889383816,0.0,0.0,0.0,0.0,0.0,0.0,11.25958921059,11.35857461024,0.0,0.0,13.56099975254,19.27740658253,0.0,0.0,0.0,0.0
IT／イット,トミー・リー・ウォーレス,スティーヴン・キング,ローレンス・D・コーエン,3.06,0.0,0.0,0.0,0.0,0.0,0.0,0.0,0.0,6.29370629371,6.64335664336,19.93006993007,19.93006993007,10.13986013986,0.0,6.29370629371,0.0,0.0,0.0,0.0,0.0
キング,デヴィッド・ミショッド,,デヴィッド・ミショッド,4.23,0.0,0.0,0.0,0.0,0.0,40.0,0.0,0.0,0.0,0.0,0.0,20.0,0.0,0.0,0.0,0.0,0.0,0.0,20.0,0.0
バレット,ウォルター・ヒル,マッツ,アレサンドロ・キャモン,3.23,0.0,5.48523206751,4.64135021097,0.0,0.0,5.48523206751,0.0,0.0,0.0,0.0,0.0,0.0,20.25316455696,0.0,0.0,0.0,8.86075949367,0.0,24.05063291139,0.0
ショーシャンクの空に,フランク・ダラボン,スティーヴン・キング,フランク・ダラボン,4.53,17.21719457014,0.0,0.0,0.0,0.0,0.0,0.0,0.0,0.0,0.0,0.0,0.0,14.95475113122,15.04524886878,7.73755656109,10.15837104072,0.0,0.0,9.3665158371,0.0
夜明けの街で,若松節朗,東野圭吾,川崎いづみ,2.58,0.0,0.0,0.0,8.82352941176,0.0,0.0,0.0,10.29411764706,0.0,0.0,0.0,12.5,0.0,0.0,0.0,18.75,8.45588235294,7.72058823529,0.0,0.0
グリーンブック,ピーター・ファレリー,,ニック・ヴァレロンガ,4.48,13.42791158034,15.0775321676,12.27317716925,0.0,0.0,0.0,0.0,0.0,0.0,0.0,0.0,0.0,8.87495875949,8.51204223029,0.0,10.75552622897,0.0,0.0,0.0,0.0
アメリカン・アサシン,マイケル・クエスタ,ヴィンス・フリン,スティーヴン・シフ,3.49,0.0,0.0,0.0,0.0,0.0,9.21052631579,0.0,0.0,0.0,9.21052631579,0.0,7.23684210526,21.05263157895,0.0,7.23684210526,0.0,0.0,0.0,17.10526315789,0.0
スノーホワイト／氷の王国,セドリック・ニコラス＝トロイアン,,エヴァン・スピリオトポウロス,3.15,0.0,0.0,0.0,0.0,18.91891891892,0.0,8.31600831601,7.27650727651,0.0,0.0,0.0,0.0,7.69230769231,0.0,0.0,6.44490644491,0.0,0.0,7.69230769231,0.0
永遠の門　ゴッホの見た未来,ジュリアン・シュナーベル,,ジャン＝クロード・カリエール,3.43,5.55555555556,0.0,0.0,8.33333333333,0.0,5.55555555556,0.0,0.0,5.55555555556,0.0,0.0,0.0,0.0,25.0,0.0,33.33333333333,0.0,0.0,0.0,0.0
インビクタス／負けざる者たち,クリント・イーストウッド,ジョン・カーリン,アンソニー・ペッカム,4.13,20.49924357035,0.0,5.14372163389,0.0,0.0,0.0,0.0,0.0,0.0,0.0,0.0,0.0,25.75642965204,13.27534039334,0.0,4.50075642965,0.0,0.0,19.7049924357,0.0
どすこい！すけひら,宮脇亮,たむら純子,鹿目けい子,4.08,0.0,25.0,25.0,0.0,0.0,0.0,0.0,0.0,0.0,0.0,0.0,0.0,0.0,0.0,0.0,0.0,0.0,25.0,0.0,0.0
ワンダー 君は太陽,スティーヴン・チョボスキー,R・J・パラシオ,スティーヴン・チョボスキー,4.38,22.46998284734,10.46312178388,12.17838765009,0.0,0.0,0.0,0.0,0.0,0.0,0.0,0.0,0.0,10.54888507719,0.0,0.0,10.20583190395,0.0,12.09262435678,0.0,0.0
ナイト ミュージアム,ショーン・レヴィ,ミラン・トレンク,ロバート・ベン・ガラント,3.8,0.0,20.28949338657,20.73870726229,0.0,14.82405789868,0.0,0.0,0.0,7.16246568505,0.0,0.0,0.0,4.49213875717,0.0,0.0,0.0,0.0,0.0,0.0,13.60119790367
ガリーボーイ,ゾーヤー・アクタル,,ゾーヤー・アクタル,3.97,7.69230769231,0.0,7.69230769231,0.0,0.0,0.0,0.0,9.61538461538,0.0,0.0,0.0,0.0,13.46153846154,0.0,0.0,7.69230769231,0.0,0.0,17.30769230769,0.0
プラダを着た悪魔,デヴィッド・フランケル,ローレン・ワイズバーガー,アライン・ブロッシュ・マッケンナ,4.1,0.0,7.392701834,16.39251276234,0.0,0.0,0.0,17.26224238987,0.0,0.0,0.0,0.0,0.0,0.0,0.0,0.0,0.0,6.74985819626,16.50595575723,11.9304216298,0.0
冷たい熱帯魚,園子温,,園子温,3.5,0.0,7.202680067,0.0,0.0,0.0,0.0,0.0,0.0,0.0,6.70016750419,17.9229480737,18.70463428252,0.0,0.0,17.42043551089,0.0,6.70016750419,0.0,0.0,0.0
翔んで埼玉,武内英樹,魔夜峰央,徳永友一,4.17,0.0,22.31311706629,17.48942172073,0.0,7.64456981664,0.0,8.29337094499,0.0,0.0,0.0,0.0,0.0,0.0,0.0,0.0,0.0,0.0,0.0,5.16220028209,14.2736248237
シャイニング,スタンリー・キューブリック,スティーヴン・キング,スタンリー・キューブリック,3.94,0.0,0.0,0.0,0.0,0.0,0.0,0.0,0.0,7.8642384106,11.4238410596,21.6059602649,25.41390728477,0.0,3.47682119205,11.17549668874,0.0,0.0,0.0,0.0,0.0
ボヘミアン・ラプソディ,ブライアン・シンガー,,アンソニー・マクカーテン,4.53,19.77473065622,0.0,10.11753183154,5.29872673849,0.0,0.0,7.94319294809,0.0,0.0,0.0,0.0,0.0,0.0,0.0,0.0,14.20176297747,0.0,0.0,19.13809990206,0.0
紙の月,吉田大八,角田光代,早船歌江子,4.0,0.0,0.0,0.0,12.80310378274,0.0,0.0,0.0,0.0,0.0,0.0,5.52861299709,0.0,0.0,5.62560620757,14.45198836081,22.98739088264,9.0203685742,0.0,0.0,0.0
愛がなんだ,今泉力哉,角田光代,今泉力哉,3.46,7.38916256158,8.37438423645,7.88177339901,7.38916256158,0.0,0.0,0.0,0.0,0.0,0.0,0.0,0.0,0.0,0.0,0.0,22.66009852217,0.0,13.79310344828,0.0,0.0
アラジン,ガイ・リッチー,,ジョン・オーガスト,4.31,0.0,10.62992125984,14.22244094488,0.0,13.4186351706,0.0,8.34973753281,10.33464566929,0.0,0.0,0.0,0.0,0.0,0.0,0.0,0.0,0.0,0.0,0.0,7.4311023622
かぐや様は告らせたい 〜天才たちの恋愛頭脳戦〜,河合勇人,赤坂アカ,徳永友一,2.97,0.0,20.10101010101,15.65656565657,0.0,0.0,0.0,0.0,5.15151515152,0.0,0.0,0.0,0.0,0.0,0.0,0.0,0.0,0.0,16.76767676768,9.19191919192,12.52525252525
イニシエーション・ラブ,堤幸彦,乾くるみ,井上テテ,3.4,0.0,12.94569391114,15.35929786067,0.0,0.0,0.0,0.0,0.0,8.39275918815,0.0,0.0,0.0,0.0,0.0,0.0,8.50246845858,0.0,13.98793198025,0.0,10.09325287987
グレタ GRETA,ニール・ジョーダン,,レイ・ライト,3.54,0.0,0.0,0.0,0.0,0.0,0.0,0.0,0.0,0.0,8.33333333333,29.16666666667,29.16666666667,0.0,0.0,8.33333333333,4.16666666667,0.0,4.16666666667,0.0,0.0
そこのみにて光輝く,呉美保,佐藤泰志,高田亮,4.02,12.04013377926,0.0,0.0,19.50947603122,0.0,0.0,0.0,5.01672240803,0.0,0.0,0.0,0.0,0.0,0.0,15.83054626533,25.08361204013,6.80044593088,0.0,0.0,0.0
キング・オブ・コメディ,マーティン・スコセッシ,,ポール・D・ジマーマン,3.96,0.0,14.77272727273,9.09090909091,0.0,0.0,0.0,0.0,0.0,0.0,0.0,17.61363636364,9.65909090909,0.0,0.0,0.0,6.81818181818,0.0,0.0,0.0,14.77272727273
きっと、うまくいく,ラージクマール・ヒラニ,,ラージクマール・ヒラニ,4.31,14.53526697429,16.84245220831,16.94133157548,0.0,0.0,0.0,0.0,0.0,0.0,0.0,0.0,0.0,5.47132498352,5.80092287409,0.0,0.0,0.0,0.0,0.0,11.79960448253
ミスミソウ,内藤瑛亮,押切蓮介,唯野未歩子,3.52,6.40569395018,0.0,0.0,12.09964412811,0.0,0.0,0.0,0.0,0.0,0.0,13.16725978648,15.3024911032,0.0,0.0,16.37010676157,11.03202846975,0.0,0.0,0.0,0.0
喝 風太郎,柴田啓佑,本宮ひろ志,守口悠介,2.85,0.0,21.42857142857,0.0,0.0,0.0,0.0,0.0,0.0,0.0,0.0,0.0,0.0,14.28571428571,14.28571428571,7.14285714286,0.0,0.0,0.0,7.14285714286,21.42857142857
ミスター・ガラス,M・ナイト・シャマラン,,M・ナイト・シャマラン,3.42,0.0,0.0,0.0,0.0,0.0,0.0,0.0,0.0,11.32075471698,0.0,13.20754716981,6.2893081761,0.0,7.07547169811,0.0,11.32075471698,0.0,0.0,6.1320754717,0.0
銀河英雄伝説　Die Neue These　星乱　第二章,多田俊介,田中芳樹,,4.39,12.77777777778,0.0,0.0,8.88888888889,0.0,13.88888888889,0.0,0.0,0.0,0.0,0.0,0.0,0.0,12.22222222222,0.0,13.33333333333,0.0,0.0,16.66666666667,0.0
君の膵臓をたべたい,月川翔,住野よる,吉田智子,4.03,25.09167103195,0.0,3.45730749083,12.80775275013,0.0,0.0,0.0,7.56940806705,0.0,0.0,0.0,0.0,0.0,0.0,0.0,21.32006286014,0.0,13.64588789942,0.0,0.0
人間失格　太宰治と3人の女たち,蜷川実花,,早船歌江子,3.07,0.0,0.0,0.0,0.0,0.0,0.0,6.67903525046,9.64749536178,0.0,0.0,0.0,0.0,0.0,5.93692022263,7.79220779221,10.0185528757,14.28571428571,0.0,0.0,0.0
海よりもまだ深く,是枝裕和,,是枝裕和,3.85,13.75515818432,20.08253094911,7.70288858322,5.22696011004,0.0,0.0,0.0,0.0,0.0,0.0,0.0,0.0,0.0,0.0,0.0,25.99724896836,0.0,0.0,0.0,12.1045392022
明日に向って撃て！,ジョージ・ロイ・ヒル,,ウィリアム・ゴールドマン,4.23,0.0,8.36653386454,11.42098273572,0.0,0.0,0.0,0.0,0.0,0.0,0.0,0.0,0.0,10.35856573705,0.0,0.0,11.55378486056,0.0,0.0,19.1235059761,7.0385126162
荒野の処刑,ルチオ・フルチ,,エンニオ・デ・コンチーニ,2.38,0.0,0.0,0.0,14.28571428571,0.0,0.0,0.0,0.0,0.0,0.0,14.28571428571,28.57142857143,0.0,0.0,14.28571428571,0.0,14.28571428571,0.0,0.0,0.0
ワンス・アポン・ア・タイム・イン・ハリウッド,クエンティン・タランティーノ,,クエンティン・タランティーノ,3.73,0.0,12.23948465328,10.42061386889,0.0,0.0,0.0,0.0,0.0,0.0,0.0,5.98711633194,0.0,0.0,0.0,0.0,5.34293292914,0.0,0.0,12.99734748011,7.46494884426
ブロークンシティ,アレン・ヒューズ,,ブライアン・タッカー,3.04,0.0,0.0,0.0,0.0,0.0,0.0,0.0,0.0,0.0,0.0,8.43373493976,6.02409638554,18.07228915663,14.4578313253,0.0,9.63855421687,0.0,0.0,14.4578313253,0.0
グレイテスト・ショーマン,マイケル・グレイシー,,ジェニー・ビックス,4.28,11.7672168469,0.0,18.96698918611,0.0,6.16107000569,0.0,12.67785998862,9.44792259533,0.0,0.0,0.0,0.0,0.0,0.0,0.0,0.0,0.0,0.0,12.26522481503,0.0
タリーと私の秘密の時間,ジェイソン・ライトマン,,ディアブロ・コディ,3.67,10.79545454545,0.0,0.0,7.38636363636,9.09090909091,0.0,0.0,0.0,10.22727272727,0.0,0.0,0.0,0.0,5.68181818182,0.0,17.04545454545,0.0,0.0,0.0,0.0
こんな夜更けにバナナかよ　愛しき実話,前田哲,渡辺一史,橋本裕志,3.94,17.60435571688,18.96551724138,13.52087114338,4.9001814882,0.0,0.0,0.0,0.0,0.0,0.0,0.0,0.0,0.0,0.0,0.0,11.79673321234,0.0,0.0,0.0,11.52450090744
ロボット2.0,シャンカール,,シャンカール,3.37,0.0,13.51351351351,14.86486486486,0.0,0.0,8.10810810811,0.0,0.0,0.0,6.75675675676,0.0,0.0,0.0,0.0,0.0,0.0,0.0,0.0,5.40540540541,12.16216216216
見えない目撃者,森淳一,,藤井清美,3.9,0.0,0.0,0.0,0.0,0.0,0.0,0.0,0.0,0.0,8.87573964497,15.08875739645,18.9349112426,13.21499013807,0.0,8.38264299803,0.0,0.0,0.0,6.31163708087,0.0
羊の木,吉田大八,山上たつひこ,香川まさひと,3.32,0.0,0.0,0.0,5.47309833024,0.0,0.0,0.0,0.0,10.48237476809,0.0,25.60296846011,15.95547309833,0.0,0.0,5.47309833024,11.22448979592,0.0,0.0,0.0,0.0
万引き家族,是枝裕和,,是枝裕和,4.08,14.30408228865,4.59659273545,0.0,16.32915461266,0.0,0.0,0.0,0.0,0.0,0.0,0.0,0.0,0.0,0.0,9.16104146577,24.59016393443,0.0,4.82160077146,0.0,0.0
ジョン・ウィック,チャド・スタエルスキ,,デレク・コルスタッド,3.6,0.0,0.0,6.06060606061,4.9959049959,0.0,0.0,0.0,0.0,0.0,0.0,0.0,0.0,12.53071253071,0.0,5.07780507781,8.27190827191,0.0,0.0,26.69942669943,0.0
何者,三浦大輔,朝井リョウ,三浦大輔,2.88,0.0,0.0,0.0,8.58983536149,0.0,0.0,0.0,0.0,0.0,0.0,12.16893342878,10.0214745884,0.0,11.02362204724,8.37508947745,20.1861130995,0.0,0.0,0.0,0.0
ピーチガール,神徳幸治,上田美和,山岡潤平,3.1,8.85608856089,15.86715867159,14.57564575646,0.0,0.0,0.0,0.0,7.38007380074,0.0,0.0,0.0,0.0,0.0,0.0,0.0,0.0,0.0,17.34317343173,0.0,11.25461254613
ロイヤルコーギー レックスの大冒険,ヴァンサン・ケステロー,,ロブ・スパークリング,3.07,0.0,0.0,14.28571428571,0.0,14.28571428571,0.0,0.0,0.0,0.0,0.0,0.0,0.0,0.0,0.0,0.0,0.0,0.0,28.57142857143,0.0,28.57142857143
恋は雨上がりのように,永井聡,眉月じゅん,坂口理子,4.22,10.13412816692,15.79731743666,13.85991058122,0.0,0.0,0.0,0.0,8.34575260805,0.0,0.0,0.0,0.0,0.0,0.0,0.0,15.35022354694,0.0,14.40635866865,0.0,0.0
アップグレード,リー・ワネル,,リー・ワネル,4.1,0.0,0.0,0.0,0.0,0.0,0.0,0.0,0.0,0.0,7.40740740741,11.85185185185,10.37037037037,0.0,8.14814814815,9.62962962963,0.0,0.0,0.0,9.62962962963,0.0
ターミネーター：新起動／ジェニシス,アラン・テイラー,,レータ・カログリディス,3.3,0.0,8.62396956246,10.74825618263,0.0,0.0,11.28725428028,0.0,0.0,0.0,0.0,0.0,0.0,11.38237159163,0.0,0.0,0.0,0.0,0.0,14.2041851617,5.04121750159
8番目の男,ホン・スンワン,,ホン・スンワン,3.8,0.0,0.0,0.0,10.0,0.0,0.0,0.0,0.0,10.0,10.0,10.0,0.0,10.0,10.0,0.0,0.0,0.0,0.0,0.0,0.0
MW−ムウ−,岩本仁志,手塚治虫,大石哲也,2.74,0.0,0.0,0.0,0.0,0.0,0.0,0.0,0.0,0.0,0.0,10.1919258769,12.11118464593,0.0,7.27994705493,11.58173395103,9.46393117141,0.0,0.0,14.95698213104,0.0
トスカーナの幸せレシピ,フランチェスコ・ファラスキ,,,4.27,0.0,11.11111111111,11.11111111111,0.0,0.0,0.0,0.0,0.0,0.0,0.0,0.0,0.0,11.11111111111,0.0,0.0,16.66666666667,0.0,11.11111111111,11.11111111111,0.0
七つの会議,福澤克雄,池井戸潤,丑尾健太郎,4.0,0.0,9.20966688439,8.8177661659,0.0,0.0,0.0,0.0,0.0,0.0,0.0,0.0,0.0,15.08817766166,11.5610711953,0.0,7.51143043762,0.0,0.0,12.60613977792,0.0
キャビン,ドリュー・ゴダード,,ジョス・ウェドン,3.3,0.0,11.60769708256,0.0,0.0,0.0,0.0,0.0,0.0,0.0,12.35257603973,10.80074487896,12.78708876474,0.0,0.0,10.05586592179,0.0,0.0,0.0,0.0,7.13842333954
ハード・コア,山下敦弘,狩撫麻礼,向井康介,3.25,0.0,14.94252873563,0.0,0.0,14.36781609195,0.0,0.0,0.0,8.04597701149,0.0,0.0,0.0,0.0,0.0,0.0,9.77011494253,7.47126436782,0.0,0.0,9.19540229885
インターステラー,クリストファー・ノーラン,,ジョナサン・ノーラン,4.22,11.14369501466,0.0,0.0,0.0,0.0,12.51666222341,0.0,0.0,9.06424953346,0.0,0.0,0.0,9.89069581445,10.01066382298,0.0,8.29112236737,0.0,0.0,0.0,0.0
劇場版シティーハンター 〈新宿プライベート・アイズ〉,,北条司,加藤陽一,4.36,0.0,14.91461100569,16.28083491461,0.0,0.0,0.0,0.0,0.0,0.0,0.0,0.0,0.0,7.55218216319,0.0,0.0,0.0,7.17267552182,0.0,17.7229601518,11.08159392789
MIST,三枝健起,芥川龍之介,,3.27,0.0,0.0,0.0,0.0,0.0,0.0,0.0,0.0,18.18181818182,0.0,0.0,9.09090909091,0.0,0.0,0.0,27.27272727273,36.36363636364,0.0,0.0,0.0
駅までの道をおしえて,橋本直樹,伊集院静,,3.53,21.42857142857,7.14285714286,0.0,7.14285714286,10.71428571429,0.0,0.0,0.0,0.0,0.0,0.0,0.0,0.0,0.0,0.0,17.85714285714,0.0,20.2380952381,0.0,0.0
きみに読む物語,ニック・カサヴェテス,ニコラス・スパークス,ジャン・サルディ,4.11,24.06692406692,0.0,3.4749034749,7.03560703561,0.0,0.0,0.0,25.01072501073,0.0,0.0,0.0,0.0,0.0,0.0,0.0,20.72072072072,0.0,7.55040755041,0.0,0.0
追憶,降旗康男,,青島武,3.58,23.47949080622,0.0,0.0,19.66053748232,0.0,0.0,0.0,0.0,0.0,0.0,0.0,0.0,0.0,2.828854314,4.8090523338,35.21923620934,0.0,0.0,3.6775106082,0.0
容疑者Xの献身,西谷弘,東野圭吾,福田靖,4.2,19.69674446261,0.0,0.0,15.96551211536,0.0,0.0,0.0,0.0,0.0,0.0,0.0,0.0,0.0,15.99524305039,4.35558198305,24.14151925078,0.0,0.0,6.273227293,0.0
ハミングバード,スティーヴン・ナイト,,スティーヴン・ナイト,3.12,0.0,0.0,0.0,12.93103448276,0.0,0.0,0.0,6.89655172414,0.0,0.0,0.0,0.0,11.20689655172,0.0,6.03448275862,24.56896551724,0.0,0.0,18.10344827586,0.0
人魚の眠る家,堤幸彦,東野圭吾,篠崎絵里子,3.87,23.92966360856,0.0,0.0,19.57186544343,0.0,0.0,0.0,0.0,0.0,0.0,8.40978593272,5.88685015291,0.0,0.0,7.56880733945,20.71865443425,0.0,0.0,0.0,0.0
悪の法則,リドリー・スコット,,コーマック・マッカーシー,2.92,0.0,0.0,0.0,5.49558390579,0.0,0.0,0.0,0.0,0.0,0.0,13.64082433759,17.86064769382,0.0,6.47693817468,23.35623159961,0.0,9.81354268891,0.0,0.0,0.0
マスカレード・ホテル,鈴木雅之,東野圭吾,岡田道尚,3.96,0.0,7.77896995708,16.04077253219,0.0,0.0,0.0,14.4313304721,0.0,0.0,0.0,0.0,0.0,0.0,8.31545064378,0.0,0.0,0.0,0.0,15.23605150215,5.68669527897
マイ・インターン,ナンシー・マイヤーズ,,ナンシー・マイヤーズ,4.12,9.15287244401,14.76793248945,18.50048685492,0.0,0.0,0.0,0.0,0.0,0.0,0.0,0.0,0.0,0.0,0.0,0.0,0.0,0.0,12.20382992535,10.87309315157,9.5423563778
貞子,中田秀夫,鈴木光司,杉原憲明,2.1,0.0,9.90712074303,0.0,7.12074303406,0.0,0.0,0.0,0.0,0.0,0.0,18.26625386997,17.64705882353,0.0,0.0,8.97832817337,0.0,0.0,8.04953560372,0.0,0.0
サニー／32,白石和彌,,高橋泉,2.48,0.0,7.96460176991,0.0,0.0,0.0,0.0,0.0,0.0,6.19469026549,7.96460176991,20.35398230088,12.38938053097,0.0,0.0,20.35398230088,0.0,0.0,0.0,0.0,0.0
宮本から君へ,真利子哲也,新井英樹,真利子哲也,3.73,12.96928327645,11.26279863481,0.0,0.0,0.0,0.0,0.0,0.0,0.0,0.0,0.0,0.0,12.96928327645,0.0,6.1433447099,9.55631399317,0.0,0.0,10.92150170648,0.0
ターミネーター,ジェームズ・キャメロン,,ジェームズ・キャメロン,4.44,0.0,0.0,0.0,0.0,0.0,0.0,0.0,0.0,0.0,7.48620961387,8.98345153664,13.47517730496,13.00236406619,0.0,7.72261623325,0.0,0.0,0.0,10.7171000788,0.0
LIFE！/ライフ,ベン・スティラー,ジェームズ・サーバー,スティーヴ・コンラッド,3.82,0.0,12.43922204214,15.59967585089,0.0,8.63047001621,0.0,0.0,0.0,0.0,0.0,0.0,0.0,10.08914100486,0.0,0.0,0.0,0.0,0.0,9.64343598055,8.50891410049
スイス・アーミー・マン,ダニエル・シュナイナート,,ダニエル・シュナイナート,3.25,0.0,16.66666666667,7.30593607306,0.0,9.81735159817,0.0,0.0,0.0,11.87214611872,0.0,0.0,0.0,0.0,0.0,0.0,9.36073059361,0.0,0.0,0.0,9.81735159817
ウインド・リバー,テイラー・シェリダン,,テイラー・シェリダン,3.96,0.0,0.0,0.0,15.73770491803,0.0,0.0,0.0,0.0,0.0,0.0,7.86885245902,10.65573770492,11.96721311475,0.0,11.96721311475,16.39344262295,0.0,0.0,0.0,0.0
レ・ミゼラブル,トム・フーパー,ヴィクトル・ユゴー,ウィリアム・ニコルソン,4.15,18.02640722724,0.0,0.0,10.92425295344,0.0,6.0319666435,0.0,7.57470465601,0.0,0.0,0.0,0.0,10.84086170952,0.0,0.0,14.25990271022,0.0,0.0,0.0,0.0
ファースト・マン,デイミアン・チャゼル,ジェイムズ・R・ハンセン,ジョシュ・シンガー,3.81,8.19348469891,0.0,0.0,0.0,0.0,12.53701875617,0.0,0.0,0.0,0.0,0.0,7.79861796644,17.47285291214,9.97038499506,0.0,11.25370187562,0.0,0.0,0.0,0.0
解放区,太田信吾,,太田信吾,4.43,0.0,0.0,0.0,0.0,0.0,0.0,0.0,0.0,0.0,0.0,0.0,0.0,0.0,0.0,0.0,0.0,0.0,0.0,0.0,0.0
すみっコぐらし とびだす絵本とひみつのコ,まんきゅう,サンエックス,角田貴志,4.77,19.91341991342,14.71861471861,14.28571428571,0.0,8.22510822511,0.0,0.0,0.0,0.0,0.0,0.0,0.0,0.0,0.0,0.0,8.22510822511,0.0,19.04761904762,0.0,0.0
ダークナイト ライジング,クリストファー・ノーラン,,ジョナサン・ノーラン,4.12,5.96288956945,0.0,0.0,0.0,0.0,9.78202125743,0.0,0.0,0.0,0.0,0.0,0.0,12.79048820032,0.0,7.45811565484,6.05296343001,0.0,0.0,14.05152224824,0.0
僕のワンダフル・ライフ,ラッセ・ハルストレム,W・ブルース・キャメロン,W・ブルース・キャメロン,4.22,18.76899696049,10.37234042553,12.12006079027,0.0,9.23252279635,0.0,0.0,0.0,0.0,0.0,0.0,0.0,0.0,0.0,0.0,10.10638297872,0.0,16.41337386018,0.0,0.0
レオン,リュック・ベッソン,,リュック・ベッソン,4.47,14.4422310757,0.0,0.0,11.80278884462,0.0,0.0,0.0,0.0,0.0,0.0,0.0,0.0,7.96812749004,0.0,0.0,17.48007968127,0.0,7.22111553785,13.64541832669,0.0
